personid,username,password,age,gender
null,emma75,zs8d1xf,36,f
null,ava24,ggtualz,31,m
null,charlotte81,h9mpp1e,74,f
null,sophia83,gtcxwhd,32,m
null,amelia45,cbmswkj,28,f
null,isabella55,mvklmza,52,f
null,mia68,kw9kofk,47,m
null,evelyn86,z0ndjhw,64,f
null,harper10,ygmwtwi,67,f
null,camila85,3pmzee8,78,m
null,gianna93,fffvphj,75,m
null,abigail43,w7xnjze,76,m
null,luna07,mnm4e8n,44,f
null,ella59,ryqehzn,50,m
null,elizabeth11,1bzs4gd,70,f
null,sofia72,pfvmpex,29,f
null,emily22,7owje6i,51,m
null,avery00,ciuxsfw,74,f
null,mila39,6oou6ai,34,f
null,scarlett47,qcz7uu0,37,m
null,eleanor43,6rtxi7n,59,m
null,madison50,2aioo99,26,m
null,layla98,dxjbisp,25,m
null,penelope04,64nnhls,22,m
null,aria77,20vcxar,66,f
null,chloe13,bl0bxuk,49,m
null,grace59,nrz0sjw,75,m
null,ellie48,mllcmtt,45,f
null,nora63,a3npywn,61,f
null,hazel22,ypbgfdr,63,f
null,zoey98,4m3ge50,52,f
null,riley19,dqvvdho,72,m
null,victoria58,bk5kp4h,40,m
null,lily05,bf0k3dy,46,f
null,aurora32,tzm39o7,51,m
null,violet32,nknov1s,77,m
null,nova64,geds7qo,74,f
null,hannah30,expr1fb,38,f
null,emilia28,7aumces,61,f
null,zoe58,ljojzqf,33,m
null,stella23,4b1s2rc,65,f
null,everly21,n9zepqt,67,m
null,isla79,uumoojb,40,m
null,leah10,kfu4oum,69,f
null,lillian91,d8ebbky,55,f
null,addison02,kzgga4q,77,f
null,willow73,n6rpxra,21,f
null,lucy27,uwaivlp,62,f
null,paisley91,nncbsdl,73,f
null,natalie04,9eajieg,72,m
null,naomi35,hpkor3y,10,m
null,eliana88,ivvjpqa,65,m
null,brooklyn47,gfrgktv,69,m
null,elena74,qu1eaw6,56,m
null,aubrey43,pkqsgz6,61,f
null,claire10,tx4qfci,78,m
null,ivy32,c91cpnd,25,f
null,kinsley88,atukfhg,57,m
null,audrey60,k9pu0ox,51,f
null,maya99,6d6xbjt,30,f
null,genesis30,bjl7ptu,34,f
null,skylar00,nzl4gjm,32,f
null,bella10,hgssnnw,17,m
null,aaliyah46,ltkjkjj,24,f
null,madelyn74,sjcyyhk,59,m
null,savannah77,qp8fh8c,42,m
null,anna53,cub46ob,30,f
null,delilah47,6hnkaaa,35,m
null,serenity83,axitwhy,18,m
null,caroline08,4nlvjg0,67,m
null,kennedy88,8qf2nns,67,f
null,valentina37,frbpxwz,72,m
null,ruby50,fds963c,40,f
null,sophie65,osjiomp,56,m
null,alice20,xfegosx,58,m
null,gabriella42,ay6spqo,35,f
null,sadie34,mtlj7vj,49,m
null,ariana79,zmo4scu,50,f
null,allison13,bllrtju,40,f
null,hailey64,n1l6fso,26,f
null,autumn51,cewjnrl,59,m
null,nevaeh68,9d2ijdk,57,m
null,natalia02,acppvbm,67,f
null,quinn35,avv1qdl,10,m
null,josephine99,maku6qa,57,f
null,sarah33,lslr5zd,33,m
null,cora37,hcdxgbh,13,m
null,emery19,lcwdihw,70,m
null,samantha80,yo0y0ah,54,f
null,piper75,cj6ncv3,58,f
null,leilani64,jhbhwjh,38,m
null,eva95,0vdae3x,73,f
null,everleigh68,hsc5sqn,72,f
null,madeline04,ou7l0la,57,m
null,lydia51,z7nw0zr,16,f
null,jade31,qiy2mvu,23,f
null,peyton64,xu4uzrf,65,m
null,brielle43,lsu3jno,56,m
null,adeline73,zuxlxqj,35,m
null,vivian58,knegqfg,26,f
null,rylee20,eecyld0,60,f
null,clara66,g00oleq,39,f
null,raelynn84,0v0guit,54,f
null,melanie10,yose3ne,46,m
null,melody82,fmczbgz,32,m
null,julia58,z3kpsn8,35,m
null,athena47,9dxta6x,39,f
null,maria51,iinqdqt,73,m
null,liliana42,ix32jg5,75,f
null,hadley75,ipcwjxk,48,f
null,arya48,8roawx0,32,f
null,rose16,1o1iytd,63,f
null,reagan47,4fq6xet,29,m
null,eliza15,vpziqvq,16,m
null,adalynn32,7va6s3f,65,f
null,kaylee34,p6svgjm,44,m
null,lyla56,fzrmsjd,29,f
null,mackenzie04,hhlvn9g,78,m
null,alaia71,in44hma,42,f
null,isabelle16,gjytq7f,28,m
null,charlie20,qvycf20,24,m
null,arianna09,phtdatp,56,f
null,mary42,fd9ofez,75,m
null,remi32,wuv23ca,13,m
null,margaret59,ht7ox3k,69,m
null,iris38,vq4f0qa,42,f
null,parker65,ftfvtit,69,f
null,ximena69,w1xpiwf,76,f
null,eden38,oprtcjr,23,m
null,ayla13,xmjfrxs,60,m
null,kylie45,df57unz,75,f
null,elliana49,qhbsbsk,69,f
null,josie86,rhgv3jq,34,m
null,katherine44,lyatd1z,59,m
null,faith23,uh0tku3,32,f
null,alexandra05,llbvdjs,34,m
null,eloise63,enfgh6y,43,m
null,adalyn80,nsxp3vp,73,f
null,amaya51,ac71lfq,30,m
null,jasmine16,ycywa0m,35,f
null,amara36,4l0a9gr,54,m
null,daisy79,7qeicg4,41,f
null,reese82,xl61bwi,66,f
null,valerie03,l7jypx9,46,f
null,brianna49,gu8dbmv,71,m
null,cecilia46,hk6mofq,74,m
null,andrea41,rq4wlph,41,m
null,summer24,3kw5rf6,58,m
null,valeria67,hvqqbmi,59,m
null,norah67,liaxdxd,41,m
null,ariella64,zkqrszq,55,f
null,esther69,rumbp8n,56,m
null,ashley67,ujlup0x,75,f
null,emerson27,g2lgrfw,28,f
null,aubree30,qfrf8vj,39,f
null,isabel37,8iojhif,20,f
null,anastasia82,3bcxqh8,22,m
null,ryleigh67,7pnxp5b,35,f
null,khloe42,m2ittfn,41,m
null,taylor54,ji03ijg,47,f
null,londyn33,meoesic,38,m
null,lucia06,jfljdes,40,m
null,emersyn21,aieekdx,51,m
null,callie82,g5wr0e6,51,m
null,sienna56,sqskmci,22,m
null,blakely45,nz7qskz,20,f
null,kehlani67,zukfrkl,54,f
null,genevieve56,lxc1sfa,16,m
null,alina90,2fbzjge,77,f
null,bailey91,xeepsj0,56,m
null,juniper85,hzpykot,52,m
null,maeve46,hyisnmd,39,m
null,molly10,uwmepcx,51,m
null,harmony45,vjumvn7,35,m
null,georgia05,b72c8qc,55,f
null,magnolia66,ltftyq8,17,f
null,catalina88,f60rkjb,72,m
null,freya83,cac26ok,26,f
null,juliette07,zzkywe7,22,f
null,sloane57,6erlbej,44,f
null,june15,dl7kh70,50,m
null,sara44,lfg2f2z,34,f
null,ada74,m8m0nje,59,f
null,kimberly34,bcwjetv,46,m
null,river99,qbcgbos,39,f
null,ember26,mzt4hbk,34,m
null,juliana68,dgbkq80,24,m
null,aliyah56,gsx5h0k,15,m
null,millie82,npngpbc,11,f
null,brynlee32,0arbjd3,74,m
null,teagan57,0ch6zlx,19,f
null,morgan42,vcgtshj,42,m
null,jordyn65,uhbx3il,51,m
null,london07,9xupcgo,55,m
null,alaina84,l1ybko1,47,f
null,olive05,nqa9atf,42,f
null,rosalie38,goexrve,10,m
null,alyssa61,9e7i7yy,33,m
null,ariel24,4kevvj7,56,f
null,finley25,m4uqtvj,58,f
